"Adani Ports and Special Economic Zone Limited, together with its subsidiaries, develops, operates, and maintains ports and related infrastructure facilities in India. The company operates 10 ports and terminals with 48 berths to facilitate the handling of dry, liquid, crude oil, containers, ro-ro, bulk, and LNG cargo at Mundra, Kandla, Hazira, Dahej, Dhamra, Vizag, Murmugao, Kattupalli, Vizhinjam, and Ennore port locations. It also provides auto logistics, inland waterways, rail operation, warehousing, and agriculture logistics services, as well as operates multi-modal logistics parks; and offers capital, maintenance, and inland water dredging services. In addition, the company operates Mundra special economic zone located in Kachchh, Gujarat. Further, it engages in power distribution activities. The company was formerly known as Mundra Port and Special Economic Zone Limited and changed its name to Adani Ports and Special Economic Zone Limited in January 2012. Adani Ports and Special Economic Zone Limited was incorporated in 1998 and is headquartered in Ahmedabad, India."
"Asian Paints Limited, together with its subsidiaries, manufactures, sells, and distributes paints and coatings for decorative and industrial use in India and internationally. It operates in Paints and Home Improvement segments. The company offers interior and exterior wall finishes, metal finishes, wood finishes, range of tools and waterproofing products, adhesives, bath fittings, wardrobes, and wall coverings, as well as services, including color consultancy, home painting, decor, project, and interior design services. It also manufactures varnishes, enamels, or lacquers; surfacing preparations; organic composite solvents and thinners, and other related products; organic and inorganic chemical compounds; metal sanitary ware, such as bath, sinks, washbasins, and related articles; and modular kitchens and kitchen accessories, and other home decor products and accessories. The company offers its products through a network of deal and retail stores, as well as operates asianpaints.com/online-shop, an online shop, which sells color tools, wall stickers, and DIY kits for decor enthusiasts. Asian Paints Limited was founded in 1942 and is headquartered in Mumbai, India."
"Axis Bank Limited provides corporate and retail banking products and services in India and internationally. It operates in four segments: Treasury, Retail Banking, Corporate/Wholesale Banking, and Other Banking Business. The company's deposit products include savings, salary, and current accounts, as well as fixed, recurring, tax saver fixed, and flexi deposits. It also provides home, personal, holiday, car, business, gold, two wheeler, working capital term, and education loans, as well as loans against properties, securities, and fixed deposits; and commercial vehicle and construction equipment loans. In addition, the company offers safe deposit locker, safe custodian, and pension system services; foreign exchange services; investment products; and life, general home, health, travel, motor, and business guard insurance products. Further, it provides cash management, trade, treasury, capital market, corresponding banking and financial institutions, pension, and bullion services; debit and credit cards; mutual fund and systematic investment plan; products and services for non-resident Indians; agricultural and rural banking products and services; and burgundy and priority banking products and services. Additionally, the company offers international banking products and services, such as corporate banking, trade finance, and risk management solutions. As of March 31, 2019, Axis Bank Limited operated 4,050 domestic branches and 11,801 ATMs; 9 overseas offices with branches at Singapore, Hong Kong, Dubai, Shanghai, and Colombo; and representative offices at Dubai, Abu Dhabi. The company was formerly known as UTI Bank Limited and changed its name to Axis Bank Limited in July 2007. Axis Bank Limited was incorporated in 1993 and is based in Mumbai, India."
"Bajaj Auto Limited develops, manufactures, and distributes automobiles in India. It operates through Automotive and Investments segments. The company offers motorcycles, three and four wheeler commercial vehicles, and quadricycles, as well as spare parts. It also exports its products to approximately 79 countries in Latin America, Africa, South Asia, the Middle East, Europe, and the Asia Pacific. Bajaj Auto Limited was founded in 1945 and is based in Pune, India."
"Bajaj Finance Limited operates as a non-banking financial company in India. It offers personal loans, business loans, home loans, loans for doctors, loans against fixed deposit, pre-owned vehicle finance, loans against property, loans to chartered accountants. The company also invests in fixed deposits and mutual funds; and offers credit cards, insurance, and value added services. The company was formerly known as Bajaj Auto Finance Limited and changed its name to Bajaj Finance Limited in September 2010. The company was incorporated in 1987 and is based in Pune, India. Bajaj Finance Limited is a subsidiary of Bajaj Finserv Limited."
"Bajaj Finserv Limited, through its subsidiaries, provides financial services to salaried, SME, self-employed, and professional customers primarily in India. The company operates through Insurance, Windmill, Retail Financing, and Investments and Others segments. It offers personal, business, home, commercial, and gold loans; two and three wheeler finance products; mortgages; unsecured and secured loans; loans against securities; financing for products, such as consumer durable, digital, lifecare, furniture, etc.; and lease rental discounting products. The company also provides investment products, such as fixed deposits and mutual funds; life and health insurance products; retirement and savings solutions; and general insurance products, such as crop, marine, and corporate insurance products, as well as home, travel, pocket, car, and two wheeler insurance products. In addition, it offers value added services, including extended warranty, asset care, and financial fitness report services; and credit cards and wallets. Further, it operates 138 windmills with an installed capacity of approximately 65.2 MW in Maharashtra. Bajaj Finserv Limited was incorporated in 2007 and is based in Pune, India."
"Bharti Airtel Limited operates as a telecommunications company in 18 countries across Asia and Africa. It operates through Mobile Services India, Mobile Services Africa, Mobile Services South Asia, Airtel Business, Tower Infrastructure Services, Homes Services, Digital TV Services, and Others segments. The company's product offerings include 2G, 3G, and 4G wireless services, as well as mobile commerce, fixed line services, high speed home broadband, DTH, and enterprise services, including national and international long distance services to carriers. It also provides voice, data, video, network integration, data center, and managed services, as well as enterprise mobility applications and digital media solutions. In addition, the company operates submarine cable system; and provides telecom towers and related infrastructure for various mobile operators. As of March 31, 2019, it had approximately 403 million customers across its operations. The company was formerly known as Bharti Tele-Ventures Limited and changed its name to Bharti Airtel Limited in April 2006. The company was founded in 1995 and is headquartered in New Delhi, India. Bharti Airtel Limited is a subsidiary of Bharti Telecom Limited."
"Bharti Infratel Limited provides telecom tower infrastructure sharing services. The company deploys, owns, operates, and manages telecom towers and communication structures for wireless operators. As of March 31, 2019, it owned and operated 40,388 towers with 76,341 co-locations in 11 telecommunications circles in India. The company was incorporated in 2006 and is based in New Delhi, India. Bharti Infratel Limited is a subsidiary of Bharti Airtel Limited."
"Bharat Petroleum Corporation Limited refines crude oil and markets petroleum products in India. The company operates through two segments, Downstream Petroleum; and Exploration and Production of Hydrocarbons. It operates fuel stations that sell petrol, diesel, automotive liquefied petroleum gas (LPG), and compressed natural gas. The company has a network of 13,439 fuel stations with 8,403 fully automated fuel stations. The company also provides Bharatgasfuels to approximately 42 million homes; MAK Lubricants, such as automotive engine oils, gear oils, transmission oils, specialty oils, and greases; and jet fuel and aero lubricants to airline customers and aircraft operators, as well as operates oil refineries in Mumbai, Bina, Numaligarh, and Kochi. In addition, it offers industrial fuels products, such as gases, naphtha, diesel, kerosene, white oil, black oil, furnace oil, bitumen, sulphur, and solvents and special products, as well as industrial lubricants. Further, the company has participating interests in 26 blocks in 5 countries; imports and exports of other petroleum products; and owns a network of 2,241 km of multiproduct pipelines, as well as engages in the natural gas business. The company was formerly known as Bharat Refineries Limited and changed its name to Bharat Petroleum Corporation Limited in August 1977. Bharat Petroleum Corporation Limited was incorporated in 1952 and is based in Mumbai, India."
"Cipla Limited, together with its subsidiaries, manufactures and sells pharmaceutical products in India. It offers active pharmaceutical ingredients; and formulations in various therapeutic areas, such as women's health, cardiovascular, children's health, dermatology and cosmeceuticals, diabetes, HIV-AIDS, hepatitis, oncology, infectious diseases and critical care, malaria, neurosciences, ophthalmology, osteoporosis, respiratory, and urology. The company also provides inhalation therapy devices comprising metered-dose inhalers, dry powder inhalers, nasal sprays, nebulizers, and inhalation accessory devices, as well as spacers and related devices. It operates in South East Asia, the Middle East, Latin America, South Africa, Europe, North America, Australia, New Zealand, Russia, and internationally. The company has partnership with CSIR-Indian Institute of Chemical Technology for the development of anti- viral drugs to contain COVID-19. Cipla Limited was founded in 1935 and is based in Mumbai, India."
"Coal India Limited, together with its subsidiaries, produces and sells coal worldwide. It offers coking coal primarily for use in steel making and metallurgical industries, and for hard coke manufacturing; and semi coking coal that is used as blend-able coal in steel making, merchant coke manufacturing, and other metallurgical industries. The company also provides non-coking coal for use as thermal grade coal for power generation, as well as for cement, fertilizer, glass, ceramic, paper, chemical, and brick manufacturing, and other heating purposes. In addition, it offers beneficiated and washed non-coking coal for use in power generation; beneficiated non-coking coal, which is used in cement, sponge iron, and other industrial plants; and middling products for use in power generation, domestic fuel plants, brick manufacturing units, cement plants, industrial plants, etc. Further, the company provides rejects for use in fluidized bed combustion boilers for power generation, road repairs, briquette making, land filling, etc.; CIL/LTC coke that is used in furnaces and kilns of industrial units, as well as for use as domestic fuel by halwais, hotels, etc.; and coal/coke fines that are used in industrial furnaces, and for domestic purposes. Additionally, it offers tar/heavy oil/light oil/soft pitches, which are used in furnaces and boilers of industrial plants, as well as power houses, oil, dye, pharmaceutical industries, etc. The company was formerly known as Coal Mines Authority Limited and changed its name to Coal India Limited in November 1975. Coal India Limited was incorporated in 1973 and is headquartered in Kolkata, India."
"Dr. Reddy's Laboratories Limited operates as an integrated pharmaceutical company worldwide. It operates through three segments: Global Generics, Pharmaceutical Services and Active Ingredients (PSAI), and Proprietary Products. The Global Generics segment manufactures and markets prescription and over-the-counter finished pharmaceutical products that are marketed under a brand name or as a generic finished dosage with therapeutic equivalence to branded formulations. This segment also engages in the biologics business. The PSAI segment manufactures and markets active pharmaceutical ingredients and intermediates, which are principal ingredients for finished pharmaceutical products. It also provides contract research services; and manufactures and sells active pharmaceutical ingredients and steroids in accordance with the specific customer requirements. The Proprietary Products segment focuses on the research, development, and manufacture of differentiated formulations for dermatology and neurology therapeutic areas. As of March 31, 2019, it had six late stage projects at various stages of development. The company's therapeutic categories primarily include gastro-intestinal, cardiovascular, anti-diabetic, dermatology, oncology, respiratory, stomatology, urology, and nephrology. The company also offers diabetes nutrition drink under the Celevida brand name. It has collaboration, license, and option agreement with Curis, Inc. to discover, develop, and commercialize small molecule antagonists for immuno-oncology and precision oncology. Dr. Reddy's Laboratories Limited was founded in 1984 and is headquartered in Hyderabad, India."
"Eicher Motors Limited manufactures and sells motorcycles and commercial vehicles in India and internationally. The company owns the Royal Enfield motorcycle brand that offers Bullet, Classic, Himalayan, Thunderbird, Interceptor 650, and Continental GT 650 models. It designs, develops, manufactures, assembles, and sells two-wheelers, as well as sells related parts and accessories. The company, through its joint venture, Volvo Eicher Commercial Vehicles Limited, also designs, manufactures, and markets light medium duty trucks, heavy duty trucks, and buses under the Eicher brand; Volvo trucks; and engineering components and aggregates. Eicher Motors Limited was founded in 1948 and is based in Gurugram, India."
"GAIL (India) Limited operates as a natural gas transmission company in India and internationally. The company operates through Transmission Services, Natural Gas Marketing, Petrochemicals, LPG and Other Liquid Hydrocarbons, and Other segments. It is involved in the transmission, distribution, and marketing of natural gas to the power, city gas distribution, fertilizer, and other sectors. The company also sources, markets, and trades in liquefied natural gas (LNG); markets liquefied petroleum gas (LPG), propane, pentane, naphtha, MFO, propylene, and hydrogenated C4 mix; and manufactures petrochemicals, such as high density polyethylene and linear low density polyethylene under the brand names of G-Lex and G-Lene. In addition, it operates a network of compressed natural gas stations; and provides piped natural gas to domestic, commercial, and industrial applications, as well as has interests in 11 exploration and production blocks in Assam-Arakan, Cambay, Cauvery, Gujarat Kutch, and Myanmar basins. Further, the company offers long term lease of dark fiber and duct, tower space and collocation facilities, and point-to-point leased line bandwidth services; and generates electric power through 118 MW wind power plant and 5 MW solar power plant. Additionally, it engages in the charter hiring of LNG vessels. The company operates approximately 10977 km of natural gas pipelines; 2038 km LPG pipeline transmission network; and 6 gas processing plants for production of LPG, propane, pentane, naphtha, etc. GAIL (India) Limited was founded in 1984 and is based in New Delhi, India."
"Grasim Industries Limited manufactures and sells of viscose staple fiber and fiber yarn, chemical and allied products, fertilizers, textiles, insulators, and cement and cement related products in India and internationally. The company offers viscose staple fiber, a man-made biodegradable fiber for use in apparels, home textiles, dress materials, knitted wear products, and non-woven applications; and rayon grade and wood pulp products; textile products that include linen and wool. It also provides grey cement; white cement under the Birla White brand; ready mix concrete; and putty. In addition, the company offers caustic soda, anhydrous aluminum chloride, chlorosulphonic acid, and polyaluminium chloride. Further, it provides stable bleaching powder under the Vikram, Shaktiman, and Lion brands for use in water treatment, as well as the textiles, pulp and paper, and carpet industries; and calcium chloride that is used in the oil industry and cement paint manufacturing, as well as epoxy products. Additionally, the company retails linen under the Linen Club Fabrics brand; and offers life insurance, asset management, private equity, corporate lending, structured finance, general insurance broking, wealth management, equity, currency and commodity broking, online personal finance management, housing finance, pension fund management, and health insurance services, as well as urea's, fertilizers, seeds, agrochemicals, bio stimulants, and insulators. It is also involved in solar power designing, engineering, procurement, and commissioning businesses. The company was incorporated in 1947 and is based in Nagda, India."
"HCL Technologies Limited offers software development, business process outsourcing, and information technology infrastructure services worldwide. It provides application development and maintenance services; SAP landscape transformation, system conversion, and implementation services; Microsoft customer relationship management, cloud, analytics, infrastructure, and workplace innovation services; Oracle business consulting, implementation, upgrade, managed, and migration services; and business assurance and testing services, as well as autonomics and orchestration services, products, and platforms. The company also offers data center, workplace, network, mainframe, and service integration and management services. In addition, it provides embedded, software, digital, mechanical, and system and hardware engineering services, as well as product lifecycle management, product testing, and VLSI design services. Further, the company offers supply chain management, finance and accounting, digital and content, and automation services. It serves financial services, consumer services, life science and healthcare, manufacturing, and public services industries. HCL Technologies Limited was founded in 1976 and is headquartered in Noida, India."
"Housing Development Finance Corporation Limited provides housing finance to individuals and corporate customers in India. The company accepts fixed deposits, such as monthly income plans, non-cumulative interest plans, annual income plans, and cumulative options; and trust deposits. It offers loans for the purchase/construction of houses; home improvement and extension, plot, and top up loans; loans to agriculturists, planters, horticulturists, and dairy farmers; loans for the salaried/self-employed individuals; loans for non-resident Indians; loans against property; and loans for non-residential premises and commercial plots, as well as education loans. In addition, the company provides cross-selling products and services; investment advisory services; life insurance products; general insurance products, including motor, health, travel, crop, home, personal accident, property, marine, aviation, and liability insurance; venture capital funds; asset management services comprising portfolio management, mutual fund, and property investment management; and other services consisting of project management, investment consultancy, and property related services. It operates through a network of 546 outlets; and 3 representative offices in Dubai, London, and Singapore. The company was founded in 1977 and is based in Mumbai, India."
"HDFC Bank Limited provides various banking and financial services to individuals and businesses in India, Bahrain, Hong Kong, and Dubai. It operates in Treasury, Retail Banking, Wholesale Banking, and Other Banking Business segments. The company accepts savings, salary, current, and Demat accounts; fixed and recurring deposits; and safe deposit lockers, and rural and pension accounts, as well as offshore accounts and deposits, overdrafts against fixed deposits and salaries, and sweep-in facilities. It also provides personal, home, car, two wheeler, three wheeler, business, educational, gold, rural, and term loans; loans against properties, assets, and securities; loans for professionals; government sponsored programs; and loans on credit card, as well as working capital and commercial/construction equipment finance, term and professional loans, healthcare/medical equipment and commercial vehicle finance, and dealer finance. In addition, the company offers credit, debit, prepaid, and forex cards; forex, premier and private banking, payment and collection, export, import, remittance, bank guarantee, letter of credit, trade, hedging, loan syndication, and merchant and cash management services; and insurance and investment products. Further, it provides short term finance, bill discounting, structured finance, export credit, documents collection, Internet and wholesale banking, mobile banking, real time gross settlement, channel financing, vendor financing, reimbursement account, money market, derivatives, employee trusts, cash surplus corporates, tax payment, and bankers to rights/public issue services, as well as financial solutions for supply chain partners and agricultural customers. As of June 30, 2019, it had 5,130 branches and 13,395 automated teller machines in 2,764 cities/towns. HDFC Bank Limited was founded in 1994 and is based in Mumbai, India."
"Hero MotoCorp Limited develops, designs, manufactures, assembles, and sells vehicles in India. It offers motorcycles and scooters. The company also provides engines, as well as related parts and accessories. It also exports its products to countries in Asia, Africa, and the South and Central America. The company was formerly known as Hero Honda Motors Ltd. and changed its name to Hero MotoCorp Limited in July 2011. Hero MotoCorp Limited was incorporated in 1984 and is headquartered in New Delhi, India."
"Hindalco Industries Limited, together with its subsidiaries, produces and sells aluminum and copper products in India and internationally. It operates in three segments: Aluminium, Copper, and Novelis. The company offers alumina; primary aluminum in the form of ingots, billets, and wire rods; aluminum flat rolled products (FRP); aluminum extrusions; and aluminum foil and packaging solutions for use in the automotive and transport, building and construction, defense, electricals and electronics, pharmaceuticals and packaging, and white goods industries, as well as packaging and industrial applications. It also provides coarse alumina hydrate for use in alum, poly aluminum chloride, zeolites, aluminum fluoride, glass, etc.; fine alumina hydrates that are used as fillers in paper and in sheet molding compounds, dough molding compounds, etc., as well as flame retardants and smoke suppressants in cables, rubbers, plastics, etc.; and calcined alumina for use in ceramics, refractories, polishing, and glass. In addition, the company offers copper products, including copper cathodes and continuous cast copper rods that are used in the agrochemical, automotive and transport, consumer durable, electrical equipment, railway, and wire and cable industries. Further, it operates an all-weather jetty in the Gulf of Khambhat on the west coast of India; and produces di-ammonium phosphate and nitrogen phosphorus potassium complexes, phosphoric acid, phospho gypsum, sulfuric acid, copper slag, and aluminum fluoride, as well as gold, silver, selenium, automotive sheet, beverage can sheet, architecture, electronics, transportation, and other products. The company offers its aluminum extrusion products under the Hindalco extrusions, Maxloader, and Eternia brands; aluminum FRP under the Everlast brand; aluminum foils under the Freshwrapp and Superwrap brands; and copper products under the Birla Balwan brand. Hindalco Industries Limited was founded in 1958 and is based in Mumbai, India."
"Hindustan Unilever Limited, a consumer goods company, manufactures and sells home and personal care, food, and refreshment products in India and internationally. The company operates through Home Care, Beauty & Personal Care, Foods & Refreshment, and Others segments. The Home Care segment offers detergent bars and powders, detergent liquids, scourers, water business, etc. The Beauty & Personal Care segment provides oral, skin, and hair care products, as well as deodorants, talcum powder, color cosmetics, salon services, etc. The Foods & Refreshment segment provides staples, including atta, salt, bread, etc.; and culinary products, such as tomato based products, fruit based products, soups, etc., as well as tea, coffee, and frozen desserts. The Others segment offers infant care products and exports products. The company also engages in the beauty salons, job work, discharge trust, and real estate businesses. It provides its food and drink products under the Cornetto, Knorr, Lipton, Magnum, BRU, Annapurna, Brooke Bond 3 Roses, Brooke Bond Red Label, Brooke Bond Taaza, Brooke Bond Taj Mahal, Kissan, and Kwality Wall's brands; and home care products under the Cif, Comfort, Active Wheel, Domex, Rin, Surf excel, Vim, and Sunlight brands. The company offers its personal care products under the Axe, Dove, Lifebuoy, Lux, Pepsodent, Pond's, Sunsilk, Sure, TRESemme, Vaseline, aviance, Breeze, Citra, Clear, Closeup, Fair & Lovely, Lakme, Pears, TIGI, TONI & GUY, Brylcreem, Clinic Plus, ELLE 18, Hamam, ayush, Indulekha, Liril, Pure Derm, and Rexona brands; and water purifiers under the Pureit brand. The company was founded in 1931 and is based in Mumbai, India. Hindustan Unilever Limited is a subsidiary of Unilever PLC."
"Britannia Industries Limited manufactures and sells various food products primarily in India. The company offers bakery products, such as biscuit, bread, cake, and rusk; and dairy products, including milk, cheese, dahi, ghee, dairy whiteners, and butter. It primarily offers its biscuits under the Good Day, Crackers, NutriChoice, Marie Gold, Tiger, Milk Bikis, Jim Jam + Treat, Bourbon, Little Hearts, Pure Magic, and Nice Time names. The company also exports its products to approximately 79 countries worldwide. Britannia Industries Limited was founded in 1892 and is based in Bengaluru, India."
"ICICI Bank Limited provides banking and financial services in India and internationally. It operates in Retail Banking, Wholesale Banking, Treasury, Other Banking Business, Life insurance, General insurance, and Others segments. The company offers savings, salary, pension, current, and other accounts; and fixed, recurring, and security deposits. It also provides home, car, two wheeler, personal, gold, and commercial business loans, as well as loans against securities and other loans; business loans, such as working capital finance, term loans, collateral free loans, loans without financials, finance for importers and exporters, and secured loans for credit card swipes, as well as loans for new entities, and schools and colleges; and credit, debit, prepaid, travel, and corporate cards. In addition, the company offers insurance products; pockets wallet; fixed income products; investment products, such as mutual funds, gold monetization schemes, and initial public offerings, as well as other online investment services; and farmer finance, tractor loans, and micro banking services, as well as other services to agri traders and processors, and agri corporates. Further, it provides portfolio management, trade, foreign exchange, locker, private and NRI banking, and cash management services; family wealth and demat accounts; commercial and investment banking, capital market, custodial, project and technology finance, and institutional banking services, as well as Internet, mobile, and phone banking services. Additionally, the company offers securities investment, broking, trading, and underwriting services; and merchant banking, private equity/venture capital fund management, trusteeship, housing finace, and pension fund management services. As of March 31, 2019, it had a network of 4,874 branches, 14,987 ATMs, 1,167 insta-banking kiosks, 391,625 POS terminals, and 1,451 cash acceptance machines. ICICI Bank Limited was founded in 1955 and is headquartered in Mumbai, India."
"IndusInd Bank Limited provides various banking products and services to individuals, NRIs, business owners, corporates, and government and financial institutions. It operates through four segments: Treasury, Corporate/Wholesale Banking, Retail Banking, and Other Banking Operations. The company offers current, savings, defense and corporate salary, and RFC accounts; and fixed and FCNR, sweep in/out deposits, senior citizen schemes, young saver deposits, and recurring and RFC deposits, as well as Rupee multiplier products. It also provides home, personal, car, two wheeler, gold, agricultural, and medical equipment loans, as well as loans against property and securities; business loans; and loan on credit cards. In addition, the company offers transaction banking services, including letters of credit/guarantees, structured trade and export finance, and import finance solutions, as well as cash management and remittance services; investment products, such as demat account, mutual fund, gold bond, and equity trading; project finance, debt underwriting and placement, advisory related to M&A and equity raise, structured credit products, etc.; and health, general, life, and card protection insurance. Further, it provides debit, credit, forex, and commercial cards; individual outward remittances, foreign currency bank notes and demand drafts, and travellers cheque; financial inclusion products; trade and foreign exchange accounts; real estate financing and bullion services; correspondent banking services; and forex and derivative desk, information and advisory, and remittances through forex channel services. As of September 30, 2019, the company had 1,753 branches/banking outlets and 2,662 ATMs in India, as well as representative offices in London, Dubai, and Abu Dhabi. IndusInd Bank Limited was founded in 1994 and is based in Mumbai, India."
"Infosys Limited, together with its subsidiaries, provides consulting, technology, and outsourcing services in North America, Europe, India, and internationally. It provides application development and management, independent validation, product engineering and management, infrastructure management, enterprise application management, and support and integration services. The company's products and platforms include Finacle, a core banking solution; Edge suite of products; Infosys NIA - an artificial intelligence platform; McCamish - an insurance platform; Panaya; and Skava. It also operates a Defence Center and a Digital Innovation Center. The company serves clients in the financial services and insurance, life sciences and healthcare, manufacturing, retail, consumer packaged goods and logistics, hi-tech, communications, telecom OEM, media, energy, utilities, resources, services, and other industries. Infosys Limited has a strategic partnership with ABN AMRO Bank N.V. for providing mortgage administration services through digital platforms in the Netherlands, Belgium, and Germany. The company was formerly known as Infosys Technologies Limited and changed its name to Infosys Limited in June 2011. Infosys Limited was founded in 1981 and is headquartered in Bengaluru, India."
"Indian Oil Corporation Limited, together with its subsidiaries, engages in the refining, pipeline transportation, and marketing of petroleum products in India. It is also involved in the exploration and production of crude oil and gas; and marketing of natural gas and petrochemicals. The company's products include petrol/gasoline, diesel/gas oil, lubricants and greases, auto gas, cooking gas, kerosene, LPG, bulk/industrial fuels, aviation fuel, marine oils, and bitumen. In addition, it offers special products, such as carbon black feedstock, raw petroleum coke, Sulphur, paraffin wax, raw petroleum coke, jute batching oil, micro crystalline wax, mineral turpentine oil, toluene, propylene, benzene, and petcoke. The company operates through a network of approximately 9 refineries; 14,231 kilometers of crude/product and gas pipelines; approximately 27,702 fuel stations, including 7,857 Kisan Seva Kendra outlets; 125 terminals and depots; 91 LPG bottling plants; 116 aviation fuel stations; 6,960 consumer pumps; and approximately 11,964 LPG distributors. Indian Oil Corporation Limited's exploration and production portfolio comprises 10 oil and gas blocks in India; and 12 blocks in Canada, Gabon, Israel, Libya, Nigeria, Oman, Russia, the United Arab Emirates, the United States, and Venezuela. Further, it engages in the explosives and cryogenic; wind and solar power generation; lube blending; and lubricants and base oil marketing activities. The company also exports its products. It has strategic alliance with ENOC Group. The company was founded in 1959 and is based in New Delhi, India."
"ITC Limited engages in the fast moving consumer goods, hotels, paperboards, paper and packaging, agri, and information technology businesses worldwide. The company primarily offers cigarettes and cigars; staples, spices, biscuits, confectionery and gums, snacks, noodles and pasta, beverages, dairy, ready to eat meals, chocolate, coffee, and frozen foods; personal care products; education and stationery products; safety matches; and incense sticks under various brands. It also retails formals and casual wear products, and other lifestyle products through the Wills Lifestyle stores. In addition, the company offers paper boards and specialty paper products; and packaging products, such as carton board, flexible, and tobacco packaging products, as well as operates approximately 100 hotels under the ITC Hotel, WelcomHotel, Fortune, and WelcomHeritage brands. Further, it exports feed ingredients, food grains, marine products, processed fruits, coffee products, leaf tobacco products, and spices; and offers IT services and solutions. Additionally, the company offers technology services and solutions for the consumer packaged goods, retail, manufacturing, hi-tech, banking, financial services and insurance, healthcare, airline, and hospitality industries. The company also provides property infrastructure and real estate maintenance, business consulting, real estate development, and agro-forestry and other related services; manages and operates golf courses; fabricates and assembles machinery for tube filling, cartoning, wrapping, conveyor solutions, and engineering services; and produces and commercializes seed potato technology products. ITC Limited was incorporated in 1910 and is based in Kolkata, India."
"JSW Steel Limited manufactures and sells steel products in India. The company offers hot and cold rolled products, color coated products, galvanized products, galvalume products, TMT bars, wire rods, and special alloy steel. It provides its products under the JSW Everglow, Colouron+, JSW Pragati, Colouron, Vishwas, Colouron+, Galvos, Galveco, Neosteel, JSW Trusteel, Avante Steel Doors, and Light Steel Building Solution brands. The company also exports its products. The company was formerly known as Jindal Vijayanagar Steel Limited and changed its name to JSW Steel Limited in June 2005. JSW Steel Limited was founded in 1982 and is based in Mumbai, India."
"Kotak Mahindra Bank Limited provides a range of banking services to corporate and individual customers in India. The company's Treasury, BMU and Corporate Centre segment engages in dealing in debt, equity, money market, forex market, derivatives, and investments; and the primary dealership of government securities and balance sheet management unit responsible for asset liability management. Its Retail Banking segment offers commercial vehicle finance, personal loans, home loans, agriculture finance, and other loans/services. This segment also provides savings, current, and term deposit accounts; branch banking network and services, including distribution of financial products; and credit cards. The company's Corporate/Wholesale Banking segment provides wholesale borrowings and lendings, and other related services to the corporate sector. Its Vehicle Financing segment offers retail vehicle finance and wholesale trade finance to auto dealers. The company's Other Lending Activities segment provides financing against securities, securitization, and other loans/services. Its Broking segment offers market brokerage and forex broking services; and distributes financial products. The company's Advisory and Transactional Services segment provides financial advisory and transactional services, such as mergers and acquisition advice, and equity/debt issue management services. Its Asset Management segment engages in the management of funds and investments on behalf of clients and funds. The company's Insurance segment offers life insurance and general insurance products. As of September 30, 2019, the company had a network of 1,512 branches and 2,429 ATMs; and branches in GIFT City and DIFC, Dubai. Kotak Mahindra Bank Limited was founded in 1985 and is based in Mumbai, India."
"Larsen & Toubro Limited engages in the technology, engineering, construction, manufacturing, IT, and financial operations worldwide. The Infrastructure segment engineers and constructs building and factories, transportation infrastructure, heavy civil infrastructure, power transmission and distribution, water and effluent treatment, smart world, and communication projects, as well as metallurgical and material handling systems. The Power segment offers turnkey solutions for coal-based and gas-based thermal power plants, including power generation equipment with related systems and balance-of-plant packages. The Heavy Engineering segment manufactures and supplies custom designed, engineered critical equipment and systems to the fertiliser, refinery, petrochemical, chemical, oil and gas, and thermal and nuclear power industries. The Defence Engineering segment designs, develops, prototypes, produces, delivers, commissions, and supports equipment, systems, and platforms for the defence and aerospace sectors. It also designs, constructs, commissions, repairs/refits, and upgrades of naval and coast guard vessels. The Electrical & Automation segment manufactures and sells low and medium voltage switchgear components, custom built low and medium voltage switchboards, electronic energy meters/protection (relays) systems, and control and automation products. The Realty segment develops and lease properties. The Others segment offers hydrocarbon; markets and services construction and mining machinery and parts; and manufactures and sells rubber processing machinery. The company was founded in 1938 and is headquartered in Mumbai, India."
"Mahindra & Mahindra Limited engages in the automotive and farm equipment businesses in India and internationally. The company operates through Automotive, Farm Equipment, Financial Services, Real Estate, Hospitality, and Others segments. It offers aircrafts, and airframe parts and assemblies; passenger and commercial vehicles, trucks, buses, vans, cars, utility vehicles, and electric vehicles; personal and commercial watercrafts; motorcycles and scooters; construction equipment, such as backhoe loaders under the Mahindra EarthMaster brand name; road construction equipment comprising motor graders under the Mahindra RoadMaster brand. The company also provides land systems, naval systems, defense electronics, and security consulting services for defense industry; pre-owned car and car services; and farm equipment, including tractors, farm machineries, spare parts, and related services. In addition, it operates M2All, an e-commerce platform for various portfolio of products; approximately 46 resorts; and solar PV projects. Further, the company offers financial products and services comprising retail and other loans, SME finance, housing finance, mutual funds, vehicle and equipment finance, and life and non-life insurance broking services; logistics services; consulting services; and information technology services, as well as power back up solutions, such as diesel generators and gas powered gensets. Additionally, it engages in the project development, management, operation, and leasing of commercial and residential complexes; sale of timeshare and vacation ownership; making, processing, and trading of steel for automotive, non-automotive, and power industries. The company has a strategic alliance with Ford Motor Company. The company was founded in 1945 and is headquartered in Mumbai, India."
"Maruti Suzuki India Limited manufactures, purchases, and sells motor vehicles, components, and spare parts primarily in India, rest of Asia, Europe, Africa, Oceania, and Latin America. The company offers passenger vehicles, multi utility vehicles, and multi-purpose vehicles. It is also involved in the facilitation of pre-owned car sales, fleet management, and car financing. In addition, the company offers driving school, accessories, insurance, auto card, pre-owned car, and financing products and services. As of May 15, 2019, it had a network of 2,940 showrooms covering approximately 1,860 towns and cities. The company was formerly known as Maruti Udyog Limited and changed its name to Maruti Suzuki India Limited in September 2007. The company was founded in 1981 and is headquartered in New Delhi, India. Maruti Suzuki India Limited is a subsidiary of Suzuki Motor Corporation."
"Nestle India Limited manufactures and sells food products in India. The company offers milk products and nutrition, including dairy whitener, condensed and UHT milk, yoghurt, maternal and infant formula, baby food, and health care nutrition products; prepared dishes and cooking aids, such as noodles, sauces, seasonings, pasta, and cereals; powdered and liquid beverages comprises instant coffee and tea, and ready to drink beverages; and confectionery products, which includes bar countlines, tablets, and sugar confectionery products. It also offers vending systems and food services. The company also exports its products. Nestle India Limited was incorporated in 1959 and is headquartered in Gurugram, India."
"NTPC Limited generates and sells bulk power to state power utilities in India. It operates through Generation of Energy and Others segments. The company generates power from coal, gas, liquid fuel, hydro, solar, nuclear, wind, thermal, and renewable energy sources. It also offers consultancy, project management, and supervision services. In addition, the company is involved in the energy trading, oil and gas exploration, and coal mining activities. As of March 01, 2020, it had an installed power generation capacity of 58,156 MW. NTPC Limited was founded in 1975 and is based in New Delhi, India."
"Oil and Natural Gas Corporation Limited explores for, develops, and produces crude oil and natural gas in India and internationally. It operates through Exploration and Production, and Refining & Marketing segments. The company is also involved in the refining and marketing of petroleum products; transportation of oil and natural gas; and production of liquefied petroleum gas, naphtha, superior kerosene oil, low sulphur high stock, aviation turbine fuel, ethane/propane, high speed diesel, and petrochemicals. It also generates electric power through 726 megawatts (MW) gas based power project in Tripura; operates a 51 megawatts (MW) wind power project in Surajbari, Gujarat; and 102 MW wind power project in Rajasthan, as well as generates solar power through a total installed capacity of 23 MW. The company was incorporated in 1993 and is based in New Delhi, India."
"Power Grid Corporation of India Limited, a central transmission utility, engages in the transmission of power in India. The company is involved in planning, executing, owing, operating, and maintaining high voltage transmission systems. As of June 30, 2019, it owned and operated 1,53,635 ckt kms of transmission lines, as well as 243 substations with transformation capacity of 3,68,512 MVA. The company also provides consultancy services, including system engineering and feasibility studies, environmental and social impact assessment, design and engineering, contract, project management and construction supervision, owner's and lender's engineer, and other services, as well as engineering, procurement, and construction of transmission projects on turnkey basis. Power Grid Corporation of India Limited offers its consultancy services to state owned utilities, private utilities, central public sector undertakings, and government departments in Afghanistan, Bangladesh, Bhutan, Congo, Ethiopia, Fiji, Nigeria, Nepal, Kazakhstan, Kenya, the Kyrgyz Republic, Myanmar, Pakistan, Senegal, Sri Lanka, Tajikistan, Tanzania, the United Arab Emirates, and Uzbekistan. In addition, it provides overhead optic fiber network services using optical ground wire on power transmission lines under the POWERTEL brand name. The company was formerly known as National Power Transmission Corporation Limited and changed its name to Power Grid Corporation of India Limited in October 1992. Power Grid Corporation of India Limited was founded in 1989 and is based in Gurugram, India."
"Reliance Industries Limited engages in the hydrocarbon exploration and production, petroleum refining and marketing, petrochemicals, retail, textile, and digital service businesses worldwide. The company produces and markets petroleum products, such as liquefied petroleum gas, propylene, naphtha, gasoline, jet/aviation turbine fuel, kerosene oil, diesel, sulphur, petroleum coke, and alkylate. It also provides petrochemicals, such as high-density and low-density polyethylene, linear low density polyethylene, polypropylene, polyvinyl chloride, polyester yarn, polyester fibres, purified terephthalic acid, paraxylene, ethylene glycol, olefins, aromatics, linear alkyl benzene, butadiene, acrylonitrile, poly butadiene rubber, styrene butadiene rubber, caustic soda, and polyethylene terephthalate. In addition, the company explores, develops, and produces crude oil and natural gas; and operates various stores comprising neighbourhood, supermarket, hypermarket, wholesale cash and carry, specialty, and online stores, as well as stores that offer apparel, beauty and cosmetics, accessories, footwear, in-store salon, and a cafe. As of March 31, 2019, it operated 10,415 retail stores. Further, it provides fabrics, apparel, and auto furnishing products, as well as Jio 4G wireless broadband network services; operates various television channels; and produces feature films, as well as engages in international channel distribution, advertising sales on international channels, and content syndication. Further, it operates news and entertainment portals, finance portals, lifestyle portals, and retail and online ticket booking platforms; publishes magazines; and provides fleet management and highway hospitality services, as well as is involved in education, TV and filmed entertainment, and investment arm of Network18 businesses. The company was incorporated in 1973 and is based in Mumbai, India."
"State Bank of India provides various banking products and services to individuals, commercial enterprises, corporates, public bodies, and institutional customers in India and internationally. The company operates through Treasury, Corporate/Wholesale Banking, Retail Banking, Insurance Business, and Other Banking Business segments. It offers personal banking services, including current accounts, savings accounts, term deposits, and recurring deposits; home, auto, education, gold, and personal loans, as well as loans against property and securities; and wealth management, mobile and Internet banking, demat, ATM, foreign inward remittance, safe deposit locker, public provident fund, money transfer, pension policy, and mobile wallet services, as well as cards and inflation indexed national savings securities cumulative bonds. The company also provides corporate banking services comprising corporate accounts, working capital and project finance, term loans, deferred payment guarantees, corporate loans, structured finance, dealer and channel financing, equipment leasing, loan syndication, construction equipment loans, financing Indian firms overseas subsidiaries or JVs, and cash management, as well as export and cash and letters of credit products. In addition, it offers NRI services, including accounts and deposits, remittances, investments, and loans; agricultural banking and micro credit to agriculturists and farmers; supply chain finance, and deposits and transaction banking services for SME customers; and international banking services. Further, the company provides treasury, broking, bill payment, and MICR services; and credit cards, life and non-life insurance, mutual funds, merchant banking, trustee business, factoring, security trading, pension fund management, and custodial services, as well as primary dealership services in the money market. It operates 22,010 branches and 58,415 ATMs. The company was founded in 1806 and is headquartered in Mumbai, India."
"Sun Pharmaceutical Industries Limited, a generic pharmaceutical company, develops, manufactures, and markets branded and generic formulations and active pharmaceutical ingredients (APIs) in India and internationally. The company offers formulations in various therapeutic areas, including central nervous system, dermatology, cardiology, oncology and ophthalmic, neuro-psychiatry, gastroenterology, anti-infectives, diabetology, pain/analgesics, vitamins/minerals/nutrients, respiratory, gynaecology, urology, opthalomology, orthopaedic, nephrology, dental, and other areas. It also provides APIs for anti-cancers, peptides, steroids, sex hormones, and controlled substances, as well as over-the-counter products. Sun Pharmaceutical Industries Limited was founded in 1983 and is based in Mumbai, India."
"Tata Consultancy Services Limited provides information technology (IT) and IT enabled services worldwide. It operates through Banking, Financial Services and Insurance; Manufacturing; Retail and Consumer Business; Communication, Media and Technology; and Others segments. The company offers CHROMA, a cloud-based talent management solution; ignio, a cognitive automation software product; iON, an assessment platform; TAP, a procurement offering; TCS MasterCraft, a platform to automate and manage IT processes; and Quartz, a blockchain solution. It also provides customer intelligence and insight solutions to deliver retail, banking, and communications experiences; Intelligent Urban Exchange, an integrated software to accelerate smart city programs; OPTUMERA, a digital merchandising suite; TCS BaNCS, a financial platform; and Jile, an agile DevOps product. In addition, the company offers advanced drug development and connected intelligent platforms; ERP on cloud, an enterprise solution that offers hosted ERP applications and services; HOBS, a platform for subscription based digital business. Further, it provides cognitive business, consulting, analytics, automation and artificial intelligence, Internet of Things, cloud applications, blockchain, cloud infrastructure, cyber security, interactive, industrial engineering, quality engineering, and enterprise services. The company serves banking, financial, and public services; consumer goods and distribution, insurance, life sciences and healthcare, manufacturing, retail, hi-tech, travel, transportation, and hospitality industries; communications, media, and technology industries; and energy, resource, and utility industries. It has strategic partnership with Posten Norge AS.; and a strategic alliance with Zendesk, Inc. to provide enterprise grade CRM solutions. The company was founded in 1968 and is headquartered in Mumbai, India. Tata Consultancy Services Limited is a subsidiary of Tata Sons Private Limited."
"Tata Motors Limited designs, develops, manufactures, and sells a range of automotive vehicles. It offers cars, sports utility vehicles, trucks, buses, and defence vehicles, as well as related spare parts and accessories. The company also provides information technology services, machine tools, and factory automation services; and vehicle financing services. It offers its products under the Tata, Daewoo, Fiat, Jaguar, and Land Rover brands. Tata Motors Limited operates in India, the United States, the United Kingdom, rest of Europe, China, and internationally. The company was formerly known as Tata Engineering and Locomotive Company Limited and changed its name to Tata Motors Limited in July 2003. Tata Motors Limited was founded in 1945 and is headquartered in Mumbai, India."
"Tata Steel Limited manufactures and distributes steel products in India and internationally. It operates in Tata Steel India, Bamnipal Steel (including Tata Steel BSL), Other Indian Operations, Tata Steel Europe, Other Trade Related Operations, and Rest of the World segments. The company offers hot-rolled (HR) and cold-rolled (CR) coated steel coils and sheets, precision tubes, tire bead wires, spring wires, and bearings, as well as auto ancillaries for the automotive market; and bearings, galvanized iron wires, agriculture and garden tools, and conveyance tubes, as well as fencing, farming, and irrigation equipment for the agriculture market. It also provides rebars, steel doors and windows, roofing sheets, plumbing pipes, tubes, prefabricated houses, water kiosks, modular toilets, office cabins, rooftop houses, higher Dia rebars and corrosion-resistance steels, cut and bend bars, PC strands, and ground granulated blast furnace slags for individual house builders, corporate and government bodies, infrastructure companies, and housing and commercial customers in the construction market. In addition, the company offers CR, coated, HR, tube, wire rod, ferro chrome and manganese, boiler tube, pipes, ferroshot, blast furnace slag, and metallic products for use in panels and appliances, fabrication and capital goods, furniture, LPG, and welding applications, as well as the process industries, such as cement, power, and steel in the industrial and general engineering markets. Tata Steel Limited was founded in 1907 and is based in Mumbai, India."
"Tech Mahindra Limited provides information technology (IT) services and solutions in the Americas, Europe, India, and internationally. The company operates through IT Business and Business Processing Outsourcing (BPO) segments. It offers IT outsourcing, consulting, next generation, application outsourcing, network, infrastructure management, integrated engineering, BPO, platform, and mobile value added services. The company also provides consulting-led integrated portfolio services to telecom equipment manufacturers, telecom service providers, IT infrastructure service providers, and business process outsourcing service providers; and enterprise solutions services of IT and IT-enabled services. In addition, it offers IT services, such as IT enabled services, application development and maintenance, consulting and enterprise business solutions, extended engineering solutions, and infrastructure management services. Further, the company provides big data, cloud computing, content delivery network, device testing and certification, digital enterprise, green and sustainability, long term evolution, Internet of Things, supply chain, smart grid and city, and spend management solutions. Additionally, it offers IT infrastructure cloud services; customer experience solutions; enterprise architecture services; enterprise resource planning, data and analytics, and other enterprise platforms; and DevOps solutions. The company also provides integrated engineering solutions; infrastructure management, mobility, networking, performance engineering, product life cycle management, and testing services; and enterprise security and risk management services. It serves insurance, banking and financial, manufacturing, telecommunication, transportation and logistics, engineering, entertainment, and public and government sectors; and retail and consumer goods industries. It has strategic partnership with Rackspace US, Inc. The company was founded in 1986 and is based in Pune, India."
"Titan Company Limited, together with its subsidiaries, manufactures and sells watches, jewelry, eyewear, and other accessories and products in India and internationally. It operates through four segments: Watches, Jewellery, Eyewear, and Others. The company offers watches under the Titan Edge, Titan Raga, Nebula, Octane, HTSE, Zoop, Sonata, Favre-Leuba, SF, Xylys, World of Titan, and Helios brands. It also provides jewelry, including pendants, rings, bracelets, earrings, gold watches, and gold and diamond jewelry under the Mia, Caratlane, Tanishq, and Zoya brands; and bags, belts, sunglasses, helmets, wallets, and watches under the Fastrack brand, as well as Tommy Hilfiger, Police, Annie Klein, Kenneth Cole, Coach, and Lee Cooper licensed brands. In addition, the company retails watches under the Helios brand; and optical products, such as a range of frames, prescription eyewear, contact lenses, and sunglasses under the Titan EyePlus brand, as well as Fastrack and Glares brands. Further, it provides a range of perfumes for men and women under the SKINN brand; and sarees under the Taneira brand, as well as engages in the precision component manufacturing and designing, and automation machines manufacturing activities for the aerospace and defense industries. The company offers its products through retail stores and dealers, as well as online. As of March 31, 2019, it operated 1,595 stores with approximately 2.05 million square feet of retail space. The company was formerly known as Titan Industries Limited and changed its name to Titan Company Limited in August 2013. Titan Company Limited was founded in 1984 and is based in Bengaluru, India."
"UltraTech Cement Limited, together with its subsidiaries, manufactures and sells cement and cement related products in India. It offers ordinary Portland cement, Portland blast-furnace slag cement, Portland Pozzolana cement, white cement, and white cement based products; and ready mix concrete, including specialty concrete, as well as building products consisting AAC blocks, jointing mortars, and host of others in retail formats. The company also provides Super Stucco, a self-curing-no water curing plaster; Power Grout, a self-curing industrial grout for anchoring/grouting applications; Seal & Dry water proofing systems, which helps in water conservation in water storage tanks and canals; and C'retePro, a liquid system for mortar and concrete modifier, as well as repair mortars and concrete under the name of Basekrete and Microkrete. UltraTech Cement Limited exports its products to the United Arab Emirates, Bahrain, Bangladesh, and Sri Lanka. In addition, it offers construction products and value-added services that include technical advice during construction, construction cost calculator, vaastu consultancy, product training in various categories, and technical meets for customers. The company was formerly known as UltraTech CemCo Limited and changed its name to UltraTech Cement Limited in October 2004. The company was incorporated in 2000 and is based in Mumbai, India. UltraTech Cement Limited is a subsidiary of Grasim Industries Limited."
"UPL Limited manufactures and markets crop solutions worldwide. The company operates in two segments, Agro Activity and Non-agro Activity. It offers sorghum, forages, corn, canola, sunflower, vegetable, rice, wheat, soya, pearl millet, oats, alfalfa, bio-fumigants, and mustard seeds. The company also provides herbicides; fungicides; insecticides and acaricides; seed treatment products; adjuvants; ProNutiva, a solution for crop protection; and bio-fertilizers, bio-stimulants, and biocontrol products. In addition, it offers post-harvest products; aquatic herbicides and algicides; industrial chemicals and other non-agricultural related products; and farmer advisory and education services, as well as farm services The company was formerly known as United Phosphorus Limited and changed its name to UPL Limited in October 2013. UPL Limited was founded in 1969 and is headquartered in Mumbai, India."
"Vedanta Limited operates as a diversified natural resources company in India. The company explores for, develops, produces, processes, and sells zinc, lead, silver, oil and gas, aluminum, power, iron ore, steel, and copper. It also operates 1,980 megawatts (MW) thermal coal-based commercial power facilities; a 600 MW thermal coal-based commercial power facility in Jharsuguda; a 300MW thermal coal-based commercial power facility at BALCO; 274MW of wind power plants; and a 100 MW power plant. In addition, the company engages in the port business, including coal handling facilities and general cargo berth at the outer harbor of Visakhapatnam port on India's east coast. Further, it is involved in the manufacture of steel and DI pipes, and LCD glass substrate; leasing and servicing medical equipment and buildings; infrastructure activities; and provision of accommodation and catering services. The company was incorporated in 1965 and is based in Mumbai, India. Vedanta Limited is a subsidiary of Vedanta Resources Limited."
"Wipro Limited operates as an information technology (IT), consulting, and business process services (BPS) company worldwide. It operates in three segments: IT Services, IT Products, and India State Run Enterprise (ISRE). The company's IT services segment offers IT and IT-enabled services, including digital strategy advisory, customer-centric design, technology consulting, IT consulting, custom application design, development, re-engineering and maintenance, systems integration, package implementation, infrastructure, analytics, business process, research and development, and hardware and software design services to enterprises. It serves customers in various industry verticals, such as banking, financial services, and insurance; health business; consumer business; energy, natural resources, and utilities; manufacturing; technology; and communications. The company's IT Products segment provides a range of third-party IT products comprising enterprise platforms, networking solutions, software and data storage products, contact center infrastructure, enterprise security, IT optimization technologies, video solutions, and end-user computing solutions. It serves enterprises in various industries primarily in the India market, which comprise the government, defense, IT and IT-enabled services, telecommunications, manufacturing, utilities, education, and financial services sectors. Its ISRE segment offers IT services to entities and/or departments owned or controlled by the Government of India and/or various Indian State Governments. The company has a research collaboration agreement with Tel Aviv University for core and applied research in image and text analytics; a collaboration with Indian Institute of Science to develop solutions for autonomous systems, robotics, and 5G; a strategic partnership with Google for cloud adoption and digital transformation; and a strategic alliance with Smart Energy Water. Wipro Limited was founded in 1945 and is based in Bengaluru, India."
"Shree Cement Limited manufactures and sells cement and clinker in India and internationally. The company operates in two segments, Cement and Power. It offers cement under the Shree Jung Rodhak, Bangur, Bangur Power, Roofon, and Rockstrong brand names. The company also engages in the generation of power with a total capacity of 646 megawatts through thermal power and waste heat recovery power plants. Shree Cement Limited was incorporated in 1979 and is based in Kolkata, India."
"Zee Entertainment Enterprises Limited, together with its subsidiaries, engages in broadcasting satellite television channels. The company broadcasts channels, including Hindi entertainment channels, such as Zee TV, Zee TV HD, &tv, &tv HD, Zing, BIG Magic, and Zee Anmol; Hindi movie channels comprising Zee Anmol Cinema, Zee Cinema, Zee Action, Zee Classic, &pictures, and Zee Bollywood, as well as Zee Cinema HD and &pictures HD; and regional entertainment channels, including Zee Marathi, Zee Yuva, Zee Bangla, Zee Tamil, Zee Telegu, Zee Kannada, Zee Sarthak, Big Ganga, Zee Talkies, Zee Bangla Cinema, Zee Cinemalu, Zee Marathi HD, Zee Talkies HD, Zee Telugu HD, and Zee Bangla HD. It also broadcasts niche channels comprising Zee Cafe, Zee Cafe HD, &prive HD, Zee Studio, &flix, &flix HD, and Zee ETC Bollywood; ZEE LIVE and Zee Theatre channels; and ZEE5, India.com, TheHealthSite.com, Bollywoodlife.com, and BGR.in for audiences on digital mediums, as well as broadcasts 39 channels in the international markets. In addition, the company operates as a space selling agent for other satellite television channels; and sells media content, which include programs/film rights/feeds/music rights. It has a library housing of approximately 250,000 hours of television content; and rights to approximately 4,800 movie titles. The company has approximately 1.3 billion viewers in 173 countries worldwide. The company was formerly known as Zee Telefilms Limited and changed its name to Zee Entertainment Enterprises Limited in January 2007. Zee Entertainment Enterprises Limited was founded in 1982 and is based in Mumbai, India."
